tipo_de_cultivo,tipo_de_suelo,ph,humedad,temperatura,precipitacion,horas_de_sol,temporada
lentejas,arenoso,5.99,26.17,27.0,171.6,6.3,verano
soja,limoso,6.34,24.7,32.0,241.63,7.6,verano
naranjas,arcilloso,6.67,90.63,10.0,228.05,13.7,invierno
lentejas,arcilloso,6.53,24.95,25.0,46.17,5.4,verano
arroz,arcilloso,6.61,27.19,23.0,44.77,13.9,verano
zanahoria,arcilloso,6.46,75.94,33.0,80.45,1.4,invierno
naranjas,rocoso,6.49,44.97,36.0,108.32,12.4,primavera
naranjas,arcilloso,6.65,77.67,0.0,122.54,13.6,primavera
lentejas,rocoso,6.05,6.54,27.0,203.91,2.9,verano
trigo,rocoso,6.29,48.76,2.0,17.0,6.9,verano
arroz,arcilloso,6.02,3.36,22.0,10.4,2.6,invierno
lentejas,arcilloso,6.79,6.27,12.0,117.57,11.3,invierno
arroz,arenoso,6.74,90.64,12.0,209.15,8.6,primavera
arroz,limoso,5.84,13.92,14.0,58.03,10.2,otoño
zanahoria,arcilloso,6.51,53.24,25.0,192.45,3.1,verano
naranjas,arenoso,6.73,41.11,13.0,77.95,3.4,otoño
soja,arenoso,5.98,34.73,29.0,265.83,0.7,otoño
zanahoria,limoso,6.37,89.98,16.0,268.71,5.2,invierno
zanahoria,rocoso,6.72,2.18,3.0,89.19,9.0,verano
arroz,arcilloso,5.83,66.38,31.0,69.0,13.7,verano
uva,limoso,6.5,96.34,11.0,123.39,10.7,invierno
naranjas,arcilloso,6.1,56.02,17.0,72.16,7.0,otoño
trigo,arenoso,6.72,93.68,27.0,201.72,15.2,invierno
zanahoria,arenoso,6.77,5.23,13.0,247.82,11.5,primavera
soja,rocoso,6.74,41.88,2.0,201.93,14.9,verano
uva,arenoso,6.27,26.02,15.0,247.31,8.4,primavera
uva,arenoso,6.66,73.08,38.0,119.1,4.1,invierno
trigo,limoso,6.64,98.13,26.0,46.9,0.8,verano
zanahoria,arcilloso,6.12,25.65,27.0,221.39,11.6,primavera
soja,arcilloso,6.63,65.42,25.0,108.14,1.9,primavera
naranjas,limoso,5.84,19.81,8.0,201.38,4.8,otoño
maiz,rocoso,6.4,56.53,17.0,81.19,8.5,verano
soja,arcilloso,6.03,46.39,30.0,24.37,9.0,primavera
trigo,arenoso,5.92,97.2,4.0,297.77,9.6,primavera
uva,arcilloso,5.88,60.85,11.0,46.86,2.7,otoño
naranjas,arenoso,6.5,34.95,11.0,296.53,6.1,primavera
soja,rocoso,6.14,11.41,17.0,293.18,9.9,primavera
maiz,limoso,6.52,15.12,39.0,238.15,15.5,primavera
maiz,arcilloso,5.87,22.53,3.0,197.83,11.6,otoño
arroz,limoso,6.12,25.1,21.0,173.34,14.8,primavera
arroz,arcilloso,6.34,85.06,7.0,259.83,12.2,primavera
lentejas,arenoso,6.59,56.12,39.0,86.83,9.5,verano
trigo,limoso,6.12,52.34,5.0,140.3,3.1,verano
zanahoria,arcilloso,6.43,11.48,16.0,185.82,10.7,otoño
soja,arenoso,6.69,86.01,30.0,123.36,10.0,invierno
soja,limoso,6.42,72.28,28.0,128.25,9.6,verano
zanahoria,limoso,6.03,6.77,17.0,99.09,7.8,otoño
lentejas,arcilloso,5.82,70.78,14.0,169.27,8.5,primavera
uva,arcilloso,6.67,54.35,16.0,255.17,5.4,primavera
uva,arcilloso,5.82,8.17,11.0,60.46,8.3,otoño
lentejas,arenoso,6.67,45.83,8.0,280.33,3.2,primavera
uva,arcilloso,6.33,48.47,19.0,206.73,12.9,primavera
arroz,limoso,6.74,16.58,11.0,246.98,3.0,invierno
soja,limoso,6.6,94.57,11.0,166.86,1.4,primavera
lentejas,arcilloso,6.8,85.0,26.0,233.86,7.0,verano
soja,arcilloso,6.15,66.9,39.0,4.86,10.5,primavera
zanahoria,rocoso,6.57,46.23,24.0,245.51,7.0,otoño
maiz,limoso,6.2,41.18,3.0,12.04,4.4,invierno
arroz,arenoso,6.28,65.1,3.0,266.97,8.9,primavera
naranjas,rocoso,6.43,54.54,38.0,297.59,5.6,otoño
arroz,arcilloso,6.67,6.23,12.0,88.22,14.9,verano
lentejas,arcilloso,6.78,51.25,4.0,63.1,14.8,primavera
naranjas,limoso,6.57,80.64,24.0,229.61,8.0,invierno
maiz,arcilloso,6.22,45.92,25.0,75.91,5.2,primavera
lentejas,arenoso,6.22,5.2,26.0,259.67,11.8,otoño
trigo,limoso,6.54,78.63,11.0,30.85,0.6,invierno
soja,arcilloso,6.04,20.14,1.0,37.79,7.6,primavera
maiz,limoso,5.91,25.86,39.0,293.75,5.4,verano
soja,arcilloso,6.15,16.47,10.0,202.15,14.7,invierno
uva,arcilloso,6.09,33.02,27.0,254.07,0.2,verano
trigo,arcilloso,6.1,75.68,28.0,97.3,8.8,otoño
trigo,arenoso,6.03,51.94,24.0,202.95,11.9,primavera
maiz,arenoso,5.84,20.49,13.0,178.27,7.8,verano
trigo,limoso,5.82,87.78,11.0,180.95,1.4,otoño
naranjas,arcilloso,6.79,87.96,24.0,204.76,15.6,primavera
trigo,arcilloso,6.23,87.06,35.0,172.61,8.3,otoño
soja,arenoso,6.18,23.88,38.0,128.72,9.8,verano
soja,arcilloso,6.48,45.12,4.0,82.78,3.8,otoño
lentejas,arenoso,6.02,98.5,6.0,230.57,7.7,invierno
soja,arcilloso,6.75,77.2,38.0,67.88,6.9,primavera
lentejas,limoso,6.59,2.72,29.0,207.71,1.2,otoño
soja,arcilloso,5.89,6.52,35.0,70.0,1.7,verano
naranjas,arcilloso,6.22,46.39,8.0,187.6,13.4,primavera
zanahoria,rocoso,6.68,90.92,24.0,224.12,3.8,invierno
lentejas,arenoso,6.74,53.87,28.0,65.61,3.1,primavera
arroz,arcilloso,6.27,49.78,27.0,17.98,8.1,invierno
uva,arcilloso,6.41,10.55,16.0,39.29,12.3,primavera
maiz,rocoso,5.97,65.68,1.0,181.8,1.0,otoño
soja,rocoso,6.79,82.21,23.0,254.83,9.2,otoño
trigo,arenoso,6.03,38.04,10.0,13.5,1.9,verano
zanahoria,rocoso,6.74,77.56,18.0,220.25,0.6,invierno
soja,limoso,6.45,96.45,38.0,102.4,0.8,verano
trigo,rocoso,6.41,20.38,16.0,143.56,13.3,otoño
uva,limoso,6.31,52.33,34.0,278.66,1.9,invierno
uva,arenoso,6.03,28.71,8.0,99.59,0.7,verano
uva,arenoso,5.98,79.29,27.0,139.6,7.0,verano
trigo,arenoso,6.02,57.76,39.0,4.1,13.5,verano
soja,arenoso,5.99,63.46,4.0,24.48,4.2,verano
uva,arenoso,6.58,79.79,0.0,77.58,6.7,verano
naranjas,limoso,6.15,39.6,17.0,8.36,0.6,invierno
lentejas,limoso,5.86,91.51,4.0,189.41,7.2,verano
trigo,arenoso,6.77,53.3,30.0,127.92,9.2,invierno
trigo,rocoso,6.68,15.8,37.0,164.44,9.1,verano
soja,arcilloso,6.73,69.59,17.0,52.39,5.3,otoño
trigo,arenoso,6.79,79.33,10.0,88.78,5.0,otoño
trigo,rocoso,5.97,31.68,17.0,199.15,1.7,verano
uva,arcilloso,6.2,85.72,29.0,289.59,5.9,primavera
soja,arenoso,6.56,90.61,0.0,15.13,1.6,otoño
uva,arenoso,6.5,27.69,24.0,267.12,12.3,invierno
lentejas,limoso,5.95,98.35,25.0,173.06,15.5,verano
zanahoria,arcilloso,6.62,14.07,26.0,169.18,15.5,invierno
lentejas,arcilloso,6.02,20.2,10.0,150.08,13.8,primavera
zanahoria,rocoso,6.02,18.42,29.0,20.82,9.6,verano
uva,limoso,6.34,89.4,4.0,26.96,11.2,otoño
lentejas,limoso,6.39,65.43,8.0,180.27,4.6,invierno
soja,limoso,6.38,15.21,35.0,102.29,10.1,otoño
maiz,limoso,5.89,44.03,30.0,275.18,7.3,otoño
uva,arcilloso,6.68,61.53,1.0,121.98,7.7,verano
zanahoria,arcilloso,6.07,8.35,10.0,42.98,12.1,invierno
naranjas,arenoso,5.93,88.24,9.0,214.42,4.5,primavera
zanahoria,arenoso,6.69,80.36,11.0,88.01,5.1,otoño
naranjas,limoso,6.76,50.52,10.0,157.64,14.8,verano
trigo,limoso,6.66,96.71,3.0,209.35,0.9,verano
lentejas,limoso,6.61,41.78,18.0,270.08,7.8,primavera
naranjas,arenoso,6.46,98.41,29.0,237.66,14.6,verano
zanahoria,rocoso,6.35,66.79,24.0,202.91,9.8,otoño
trigo,rocoso,5.89,63.47,27.0,203.89,8.7,verano
maiz,arenoso,6.21,16.6,3.0,283.78,4.0,invierno
soja,arenoso,6.17,88.19,38.0,88.75,5.5,invierno
soja,arenoso,6.06,42.75,34.0,0.33,13.6,otoño
soja,arenoso,6.52,16.22,32.0,81.59,8.9,invierno
naranjas,arenoso,6.3,1.26,33.0,65.37,8.2,primavera
maiz,arenoso,5.88,55.98,37.0,198.55,1.6,verano
naranjas,limoso,6.02,52.74,22.0,190.11,0.3,otoño
lentejas,limoso,6.48,71.94,8.0,178.04,15.4,primavera
naranjas,limoso,5.88,89.03,25.0,4.87,6.0,verano
maiz,limoso,6.65,7.94,30.0,218.63,9.7,primavera
maiz,arenoso,6.3,73.15,30.0,97.06,1.3,otoño
lentejas,rocoso,6.28,18.74,21.0,199.52,10.9,otoño
maiz,arcilloso,6.39,85.82,3.0,166.97,14.9,primavera
zanahoria,arenoso,6.62,81.91,15.0,102.82,9.2,verano
maiz,arcilloso,6.15,54.08,37.0,40.37,2.0,invierno
soja,rocoso,6.48,71.02,23.0,28.33,9.3,invierno
zanahoria,limoso,6.37,31.44,22.0,249.46,12.3,primavera
zanahoria,rocoso,6.07,47.12,11.0,275.52,6.5,otoño
lentejas,arenoso,6.68,82.16,15.0,194.94,14.1,verano
arroz,limoso,6.6,45.93,36.0,31.03,10.4,verano
arroz,arenoso,6.46,35.78,27.0,120.61,14.4,otoño
maiz,limoso,6.65,49.42,31.0,218.68,10.0,invierno
zanahoria,arcilloso,6.67,82.82,18.0,233.95,2.1,verano
arroz,arcilloso,6.51,33.52,25.0,35.47,5.0,primavera
arroz,arcilloso,6.64,17.38,10.0,0.01,3.2,invierno
maiz,rocoso,6.5,71.2,28.0,213.64,14.5,primavera
arroz,arenoso,6.48,82.6,17.0,106.98,12.2,invierno
naranjas,rocoso,6.42,10.06,18.0,76.34,10.8,otoño
trigo,arcilloso,6.55,23.99,26.0,3.87,4.8,primavera
lentejas,arenoso,5.96,14.2,37.0,162.09,2.9,primavera
trigo,arcilloso,6.68,34.79,3.0,255.35,12.1,otoño
maiz,rocoso,6.67,45.04,33.0,287.29,7.6,primavera
soja,rocoso,5.83,74.88,12.0,169.72,3.6,invierno
lentejas,rocoso,6.63,65.11,18.0,154.34,9.9,verano
maiz,arcilloso,5.93,62.09,1.0,25.52,0.6,verano
zanahoria,arenoso,6.14,35.24,12.0,164.66,5.2,otoño
soja,arenoso,6.54,84.14,20.0,113.99,7.5,invierno
trigo,arcilloso,5.96,47.13,2.0,182.14,2.4,primavera
maiz,arenoso,6.62,97.91,20.0,116.62,15.8,primavera
zanahoria,arcilloso,6.63,63.41,37.0,72.09,3.3,verano
lentejas,arenoso,6.31,12.63,4.0,28.49,2.1,primavera
lentejas,limoso,5.81,67.62,31.0,94.48,3.3,verano
uva,limoso,6.09,32.51,16.0,28.99,12.3,otoño
zanahoria,rocoso,6.42,68.63,26.0,53.07,6.8,primavera
naranjas,limoso,6.78,6.96,10.0,296.2,9.0,invierno
arroz,limoso,6.43,17.49,6.0,133.23,0.3,primavera
soja,limoso,6.06,85.57,6.0,159.56,0.6,verano
zanahoria,arcilloso,6.43,22.72,3.0,262.09,7.1,otoño
uva,limoso,6.34,83.7,7.0,298.67,13.1,verano
arroz,limoso,6.58,27.93,27.0,174.81,14.2,primavera
arroz,rocoso,5.91,64.29,35.0,243.74,1.4,verano
maiz,limoso,6.56,69.42,33.0,98.08,8.6,verano
arroz,limoso,6.34,51.27,27.0,91.72,14.6,otoño
naranjas,arenoso,6.76,30.53,4.0,120.81,6.2,invierno
lentejas,rocoso,6.14,21.26,12.0,201.75,13.3,primavera
uva,rocoso,6.43,3.32,12.0,204.66,2.1,otoño
arroz,rocoso,6.73,30.39,10.0,94.57,15.0,invierno
maiz,rocoso,5.9,65.32,21.0,39.96,12.0,verano
naranjas,rocoso,6.74,93.83,21.0,189.72,15.1,invierno
trigo,rocoso,6.49,87.12,14.0,38.5,10.8,verano
lentejas,arcilloso,5.87,76.61,14.0,173.55,5.8,verano
lentejas,limoso,6.1,78.84,33.0,208.03,15.0,otoño
uva,rocoso,6.51,66.5,32.0,210.18,4.4,verano
lentejas,limoso,5.87,26.03,12.0,226.04,5.3,otoño
arroz,limoso,6.38,90.72,37.0,261.86,11.2,invierno
maiz,arcilloso,6.15,67.07,38.0,149.99,12.2,invierno
lentejas,rocoso,6.42,56.04,13.0,219.07,14.9,verano
lentejas,arenoso,5.85,11.1,14.0,185.75,3.3,otoño
trigo,arcilloso,6.67,44.71,20.0,55.99,12.8,verano
trigo,arenoso,6.77,46.04,38.0,7.71,11.8,otoño
soja,limoso,6.77,86.46,35.0,85.36,1.0,otoño
naranjas,limoso,6.55,54.66,4.0,132.91,6.2,otoño
arroz,arcilloso,5.93,38.04,16.0,185.13,4.5,invierno
lentejas,arcilloso,6.56,97.68,22.0,254.99,4.9,otoño
zanahoria,arenoso,5.82,11.07,20.0,58.87,15.7,invierno
lentejas,rocoso,5.82,42.25,8.0,37.66,10.3,otoño
maiz,arenoso,6.12,4.2,34.0,289.04,11.5,invierno
soja,arcilloso,6.29,73.99,27.0,32.41,15.6,primavera
naranjas,arenoso,6.57,91.81,34.0,143.55,6.0,invierno
zanahoria,arcilloso,6.48,28.0,34.0,175.67,12.8,invierno
soja,arenoso,6.25,85.83,30.0,162.41,7.0,verano
uva,arcilloso,6.07,29.22,18.0,25.81,13.9,otoño
naranjas,arcilloso,6.8,91.08,24.0,17.11,2.9,primavera
lentejas,arcilloso,6.23,75.4,6.0,31.65,15.2,verano
lentejas,rocoso,6.25,80.49,27.0,175.68,3.5,otoño
naranjas,arenoso,5.96,1.8,7.0,163.3,5.2,primavera
lentejas,arenoso,6.59,96.28,28.0,70.12,12.1,primavera
arroz,arenoso,6.49,72.67,9.0,191.33,6.3,primavera
naranjas,arcilloso,6.02,30.48,5.0,246.02,9.7,otoño
soja,arenoso,5.88,82.94,7.0,12.47,7.1,primavera
naranjas,arenoso,6.48,28.15,0.0,149.44,11.9,primavera
zanahoria,arcilloso,6.45,87.28,29.0,206.79,3.7,verano
lentejas,limoso,6.07,11.26,29.0,75.69,0.9,invierno
arroz,arcilloso,6.75,70.37,21.0,92.33,4.8,otoño
arroz,arenoso,5.95,54.07,6.0,184.09,7.6,invierno
uva,arcilloso,6.23,9.65,3.0,269.38,2.7,verano
soja,limoso,6.74,24.19,1.0,242.98,5.7,invierno
trigo,arcilloso,6.22,1.24,7.0,174.94,6.4,primavera
trigo,arenoso,6.44,46.88,36.0,219.07,0.9,primavera
naranjas,limoso,6.2,30.13,10.0,109.45,9.3,otoño
uva,rocoso,6.07,59.84,14.0,192.29,14.1,otoño
maiz,arenoso,6.78,29.72,4.0,139.85,2.4,otoño
naranjas,limoso,6.21,29.99,9.0,56.98,9.6,verano
uva,limoso,6.69,74.32,21.0,210.52,10.6,otoño
soja,rocoso,6.03,4.81,24.0,166.94,6.7,verano
soja,arcilloso,6.01,90.29,10.0,107.59,11.2,primavera
soja,arcilloso,5.83,85.23,2.0,273.4,6.6,invierno
soja,arenoso,6.45,66.78,16.0,6.28,8.1,primavera
soja,rocoso,6.17,59.32,9.0,94.73,0.1,primavera
uva,arcilloso,6.66,89.23,9.0,17.06,11.1,primavera
uva,rocoso,6.27,18.53,38.0,229.96,10.6,otoño
arroz,arcilloso,6.77,7.9,25.0,210.63,0.6,otoño
zanahoria,limoso,5.99,23.95,22.0,99.41,5.9,otoño
trigo,arcilloso,6.67,79.46,17.0,202.7,15.7,invierno
lentejas,rocoso,6.58,3.47,17.0,118.78,6.7,otoño
soja,limoso,6.57,58.28,22.0,226.88,8.0,verano
maiz,limoso,6.64,99.54,28.0,136.26,14.6,primavera
lentejas,limoso,6.56,85.57,28.0,123.68,11.5,invierno
uva,rocoso,6.43,52.14,7.0,280.42,9.3,invierno
maiz,arenoso,5.93,6.36,20.0,75.26,12.8,invierno
maiz,arenoso,5.83,83.14,16.0,36.13,13.8,invierno
maiz,arenoso,6.72,59.9,35.0,175.36,7.3,invierno
arroz,rocoso,6.42,11.49,25.0,290.8,7.6,verano
uva,limoso,6.6,9.39,21.0,113.35,6.2,primavera
maiz,arenoso,6.28,90.96,5.0,18.61,15.5,invierno
soja,rocoso,5.92,66.92,24.0,101.79,11.2,primavera
naranjas,arenoso,5.93,82.93,5.0,151.78,1.3,otoño
maiz,arcilloso,6.49,87.9,13.0,48.58,13.8,invierno
arroz,arenoso,6.23,57.18,6.0,197.43,7.7,invierno
lentejas,arenoso,6.0,51.74,28.0,299.32,1.1,primavera
uva,limoso,6.29,43.04,8.0,135.52,8.8,invierno
zanahoria,rocoso,5.86,31.69,16.0,106.42,6.7,invierno
arroz,limoso,6.38,43.46,36.0,120.21,14.0,invierno
maiz,limoso,6.07,77.39,8.0,34.54,3.3,verano
uva,limoso,6.6,60.19,20.0,264.98,13.2,verano
naranjas,limoso,6.11,89.25,17.0,124.45,8.9,invierno
maiz,limoso,6.26,44.34,1.0,116.18,0.9,verano
arroz,arenoso,5.81,60.71,32.0,197.91,15.5,otoño
trigo,limoso,5.87,63.13,3.0,132.61,8.2,invierno
soja,limoso,6.19,59.17,19.0,194.47,4.7,otoño
zanahoria,rocoso,6.28,70.26,22.0,18.43,7.5,primavera
lentejas,arcilloso,6.4,23.74,25.0,244.12,13.7,otoño
arroz,arenoso,6.09,51.24,28.0,282.15,4.9,primavera
uva,arenoso,6.49,10.42,10.0,194.63,3.1,invierno
zanahoria,arenoso,6.66,38.45,0.0,286.37,2.1,primavera
zanahoria,limoso,6.58,48.77,29.0,45.43,4.8,primavera
zanahoria,limoso,5.84,65.22,21.0,143.22,12.5,otoño
maiz,limoso,6.28,95.05,33.0,180.54,7.5,otoño
soja,rocoso,5.9,60.07,33.0,174.52,3.6,otoño
maiz,arcilloso,6.04,74.36,34.0,120.44,2.7,invierno
uva,limoso,6.79,50.63,19.0,101.43,5.3,invierno
maiz,arcilloso,5.94,63.41,13.0,38.05,15.0,otoño
trigo,rocoso,6.3,7.09,32.0,117.52,5.5,invierno
soja,arenoso,6.42,25.44,18.0,48.8,15.8,invierno
soja,limoso,6.5,36.19,7.0,220.31,7.8,primavera
uva,arcilloso,6.36,47.25,34.0,62.65,2.9,primavera
lentejas,arcilloso,5.81,4.56,35.0,17.57,14.3,otoño
trigo,limoso,6.13,14.0,19.0,165.71,7.4,invierno
arroz,arenoso,6.32,27.68,3.0,178.57,11.4,primavera
maiz,arenoso,5.89,97.15,16.0,261.57,15.7,verano
naranjas,arenoso,6.15,33.13,32.0,173.09,0.8,invierno
maiz,rocoso,5.83,48.2,36.0,103.64,1.5,verano
zanahoria,arcilloso,5.88,19.61,8.0,240.9,11.5,otoño
maiz,arcilloso,6.2,61.08,3.0,162.08,4.5,invierno
arroz,arcilloso,5.93,28.07,35.0,23.78,2.9,otoño
maiz,rocoso,6.37,20.7,16.0,169.76,0.6,otoño
trigo,arcilloso,6.49,51.66,22.0,272.41,0.3,otoño
trigo,rocoso,6.6,0.55,39.0,118.89,12.4,otoño
soja,arenoso,6.0,0.77,3.0,88.9,2.2,otoño
uva,limoso,5.97,21.91,26.0,43.04,7.5,invierno
lentejas,arcilloso,5.9,3.67,3.0,45.43,9.7,verano
naranjas,arcilloso,6.44,10.8,15.0,129.83,6.9,invierno
zanahoria,arenoso,6.51,33.89,32.0,178.7,0.4,invierno
maiz,limoso,5.83,80.26,17.0,24.18,12.5,invierno
maiz,rocoso,6.74,57.2,40.0,281.87,0.2,primavera
arroz,limoso,5.85,51.27,22.0,226.54,12.2,primavera
uva,arenoso,6.34,29.35,13.0,175.99,14.3,invierno
trigo,arenoso,6.51,93.18,9.0,248.53,6.9,verano
naranjas,limoso,6.67,39.7,14.0,24.06,8.6,invierno
soja,rocoso,6.51,8.71,15.0,143.05,7.6,otoño
trigo,rocoso,6.6,61.71,3.0,189.03,6.2,primavera
zanahoria,arcilloso,6.14,11.38,15.0,248.6,14.2,primavera
uva,rocoso,6.61,34.52,19.0,235.04,14.3,invierno
zanahoria,limoso,5.88,50.74,29.0,83.12,5.4,invierno
lentejas,arenoso,6.69,87.42,26.0,282.26,9.8,verano
soja,arcilloso,6.35,49.35,28.0,37.3,14.8,verano
lentejas,arcilloso,6.62,70.23,0.0,262.54,15.4,otoño
arroz,arenoso,6.25,99.28,9.0,291.28,8.1,invierno
zanahoria,rocoso,6.44,13.15,26.0,53.15,7.2,invierno
arroz,arenoso,6.33,27.47,19.0,216.62,4.5,invierno
maiz,rocoso,6.53,39.46,0.0,12.09,15.3,primavera
lentejas,arenoso,5.88,42.18,32.0,121.63,2.3,otoño
uva,limoso,5.86,41.1,31.0,154.88,9.3,verano
zanahoria,rocoso,6.05,90.76,22.0,174.19,4.5,primavera
naranjas,limoso,5.96,71.4,3.0,280.78,4.5,primavera
soja,arcilloso,6.67,60.79,31.0,201.68,6.5,primavera
trigo,arenoso,6.02,30.94,23.0,144.38,16.0,primavera
uva,arcilloso,6.78,82.38,31.0,242.9,0.9,otoño
uva,arcilloso,6.14,95.51,30.0,285.16,9.3,invierno
arroz,arcilloso,5.98,82.12,32.0,6.62,1.3,verano
lentejas,arcilloso,6.59,0.16,21.0,294.76,2.5,verano
zanahoria,arenoso,6.46,63.64,6.0,25.84,7.0,primavera
zanahoria,arcilloso,6.3,5.11,27.0,244.32,8.2,primavera
maiz,arenoso,6.36,25.76,25.0,84.1,4.1,otoño
maiz,arenoso,6.52,5.95,30.0,39.65,5.1,primavera
soja,limoso,6.03,60.38,7.0,131.96,1.4,verano
arroz,rocoso,6.8,68.66,8.0,193.19,4.9,verano
uva,rocoso,6.77,11.45,36.0,114.29,15.5,invierno
zanahoria,arenoso,6.45,38.38,30.0,16.37,15.1,invierno
naranjas,limoso,6.0,45.62,36.0,179.84,5.4,verano
arroz,arenoso,6.48,36.91,30.0,270.72,9.1,verano
soja,arenoso,5.87,12.1,24.0,114.96,14.6,otoño
soja,arenoso,5.83,41.89,26.0,64.9,0.1,otoño
arroz,limoso,6.06,75.12,36.0,132.77,13.0,verano
soja,rocoso,6.26,7.1,23.0,14.51,15.2,primavera
arroz,limoso,6.67,8.02,25.0,246.15,1.5,invierno
trigo,arcilloso,6.53,35.48,6.0,247.9,2.6,verano
arroz,limoso,6.54,94.17,19.0,176.4,15.4,primavera
lentejas,limoso,6.23,66.86,29.0,105.93,8.6,verano
arroz,limoso,6.15,67.87,11.0,239.94,0.2,invierno
soja,limoso,6.17,36.19,8.0,166.41,4.1,invierno
zanahoria,rocoso,6.79,59.37,13.0,247.78,7.2,otoño
lentejas,arcilloso,5.84,1.01,10.0,189.44,11.1,otoño
soja,rocoso,6.67,63.61,9.0,235.32,11.7,otoño
maiz,rocoso,6.38,91.33,17.0,179.57,15.9,otoño
maiz,limoso,6.24,61.26,36.0,124.24,4.6,invierno
zanahoria,arenoso,6.53,87.37,20.0,287.38,8.6,primavera
zanahoria,arenoso,6.29,72.4,8.0,162.33,8.5,primavera
lentejas,rocoso,6.67,12.06,3.0,181.53,6.5,primavera
trigo,rocoso,6.7,90.25,28.0,66.15,2.7,verano
zanahoria,limoso,6.22,6.64,15.0,187.7,15.6,otoño
maiz,rocoso,6.08,53.4,33.0,171.48,13.7,otoño
arroz,limoso,6.39,14.21,26.0,55.45,8.0,invierno
soja,arenoso,6.71,1.17,32.0,17.88,9.7,invierno
maiz,arenoso,6.01,42.2,11.0,181.31,3.6,verano
maiz,arcilloso,6.42,29.5,28.0,229.11,8.7,verano
trigo,arenoso,6.43,48.6,11.0,157.02,11.1,primavera
lentejas,rocoso,6.53,57.72,38.0,68.03,8.2,invierno
lentejas,arenoso,5.93,4.37,25.0,199.96,15.8,otoño
uva,limoso,6.52,12.3,13.0,24.03,9.8,primavera
trigo,arenoso,6.71,55.86,11.0,132.55,5.9,otoño
arroz,arcilloso,5.98,34.32,8.0,49.01,12.4,primavera
lentejas,arenoso,6.04,72.92,28.0,55.34,2.7,otoño
soja,limoso,6.77,65.23,9.0,60.69,6.2,verano
zanahoria,limoso,5.98,84.56,24.0,116.01,5.6,primavera
trigo,rocoso,6.65,69.25,11.0,15.35,6.9,otoño
zanahoria,arenoso,6.29,42.99,26.0,119.34,12.5,otoño
maiz,limoso,6.05,67.3,33.0,153.51,7.7,invierno
soja,arcilloso,6.67,27.54,31.0,144.99,12.7,primavera
soja,rocoso,6.25,30.63,30.0,114.84,9.2,otoño
maiz,arcilloso,6.31,78.9,8.0,251.74,5.5,invierno
trigo,arenoso,6.16,44.64,4.0,43.6,13.0,otoño
maiz,arenoso,6.39,79.84,28.0,151.71,3.8,primavera
zanahoria,arenoso,5.96,82.24,15.0,18.61,3.6,verano
uva,rocoso,6.19,85.76,17.0,21.35,8.1,primavera
soja,limoso,6.77,91.66,1.0,172.16,4.2,primavera
naranjas,rocoso,6.06,43.1,10.0,169.81,0.1,otoño
naranjas,arcilloso,6.46,31.89,1.0,263.41,10.4,otoño
zanahoria,rocoso,6.13,58.22,35.0,167.36,8.2,primavera
arroz,arcilloso,6.57,37.12,10.0,287.94,7.1,invierno
lentejas,rocoso,5.93,60.11,22.0,14.61,15.5,invierno
maiz,limoso,6.77,70.56,2.0,29.4,9.1,invierno
maiz,arcilloso,6.25,68.84,27.0,13.22,13.8,otoño
arroz,arenoso,6.04,37.46,13.0,55.58,2.2,otoño
arroz,arenoso,5.87,16.69,36.0,162.38,9.1,primavera
zanahoria,rocoso,5.97,43.05,36.0,193.67,13.9,verano
zanahoria,arenoso,6.32,14.26,13.0,13.68,9.3,otoño
arroz,arcilloso,6.14,89.01,36.0,283.79,11.5,primavera
soja,arenoso,6.63,34.59,40.0,252.65,6.0,primavera
zanahoria,limoso,6.23,15.45,33.0,88.98,1.5,verano
uva,limoso,6.05,2.54,34.0,23.16,7.3,invierno
zanahoria,rocoso,6.42,64.58,10.0,50.97,6.3,primavera
maiz,arcilloso,6.51,63.69,23.0,38.08,13.9,primavera
zanahoria,limoso,5.97,34.06,3.0,36.99,3.9,primavera
soja,limoso,5.97,7.17,4.0,155.57,15.5,invierno
arroz,arcilloso,5.84,40.96,40.0,73.75,15.3,invierno
maiz,arenoso,6.54,31.12,13.0,107.44,4.0,verano
zanahoria,arenoso,6.46,67.71,30.0,296.85,5.6,otoño
soja,rocoso,6.27,60.58,32.0,205.29,14.3,invierno
uva,arenoso,6.64,36.46,34.0,284.69,15.5,otoño
zanahoria,arcilloso,6.61,21.79,40.0,42.77,7.1,otoño
soja,limoso,6.39,98.8,10.0,114.64,5.1,invierno
uva,arenoso,6.67,45.4,2.0,166.42,8.4,primavera
arroz,rocoso,6.01,68.83,16.0,23.03,11.0,verano
zanahoria,arenoso,5.91,14.06,5.0,1.26,4.4,otoño
uva,arcilloso,6.07,48.56,1.0,201.13,11.8,primavera
maiz,rocoso,5.86,2.75,14.0,192.55,0.8,invierno
arroz,arenoso,6.33,50.55,31.0,123.24,0.8,otoño
maiz,rocoso,6.74,96.4,23.0,146.89,6.2,otoño
naranjas,arcilloso,5.84,38.42,13.0,124.63,5.7,otoño
trigo,limoso,5.92,3.9,26.0,7.2,5.1,primavera
zanahoria,arcilloso,6.25,3.1,9.0,100.61,7.9,primavera
uva,arcilloso,6.73,38.8,1.0,53.12,5.1,primavera
trigo,arcilloso,6.12,16.0,31.0,29.53,3.1,otoño
trigo,arcilloso,6.31,2.34,25.0,287.02,5.0,otoño
uva,limoso,5.84,75.62,30.0,179.81,15.6,verano
arroz,limoso,5.95,45.85,2.0,218.6,6.6,verano
zanahoria,rocoso,6.79,28.92,33.0,94.61,7.1,primavera
naranjas,arenoso,6.77,90.01,25.0,117.94,9.2,primavera
maiz,limoso,5.8,11.61,23.0,71.08,15.7,invierno
soja,limoso,6.75,95.59,25.0,29.09,3.9,primavera
maiz,arenoso,6.44,31.4,35.0,53.71,10.9,verano
soja,limoso,6.67,88.84,23.0,239.25,11.5,verano
maiz,arcilloso,6.25,60.29,23.0,203.26,9.7,verano
uva,arcilloso,6.32,82.67,40.0,164.08,1.4,otoño
naranjas,arenoso,6.29,98.4,30.0,142.53,10.8,otoño
zanahoria,rocoso,6.47,28.84,18.0,276.73,1.0,primavera
soja,rocoso,5.94,96.11,28.0,21.82,9.5,invierno
zanahoria,arenoso,5.83,38.95,16.0,84.18,11.8,invierno
zanahoria,arenoso,6.11,38.55,9.0,104.98,3.4,invierno
zanahoria,arcilloso,6.5,34.04,24.0,234.73,13.5,otoño
lentejas,rocoso,6.0,54.14,37.0,297.75,0.5,verano
arroz,limoso,6.47,15.41,37.0,72.2,13.5,verano
maiz,arcilloso,6.77,55.37,14.0,262.29,7.4,otoño
zanahoria,arenoso,5.89,54.17,21.0,249.19,3.5,invierno
maiz,rocoso,6.47,76.19,8.0,67.4,2.1,invierno
zanahoria,limoso,6.24,83.36,40.0,119.8,15.3,primavera
soja,limoso,6.67,44.04,39.0,122.9,1.2,primavera
arroz,arcilloso,5.98,30.23,26.0,293.47,3.2,invierno
arroz,rocoso,6.49,25.93,32.0,54.27,5.6,otoño
uva,rocoso,6.64,19.46,29.0,239.75,9.9,invierno
lentejas,arenoso,6.74,5.76,24.0,100.26,8.7,primavera
uva,rocoso,6.48,34.24,2.0,219.26,2.0,invierno
uva,rocoso,6.3,27.02,18.0,126.0,4.6,otoño
uva,arcilloso,6.42,96.64,27.0,173.51,3.8,verano
uva,rocoso,6.67,55.77,27.0,249.78,3.4,otoño
uva,limoso,6.37,34.73,15.0,241.25,6.6,otoño
naranjas,arcilloso,5.83,58.05,38.0,259.93,11.3,primavera
arroz,arcilloso,6.73,13.92,7.0,17.89,3.5,otoño
uva,arenoso,6.49,44.4,20.0,207.62,5.9,otoño
zanahoria,rocoso,6.48,62.62,28.0,42.0,6.3,primavera
arroz,arenoso,6.02,48.89,28.0,124.75,15.6,primavera
arroz,limoso,6.46,40.18,26.0,164.58,15.3,verano
trigo,arcilloso,6.19,99.38,11.0,120.82,12.8,invierno
naranjas,arcilloso,6.45,88.03,6.0,155.88,3.9,otoño
uva,arcilloso,5.91,62.34,25.0,298.96,1.1,primavera
maiz,limoso,6.46,56.94,24.0,40.57,5.1,verano
soja,limoso,6.8,62.07,7.0,202.64,4.3,invierno
lentejas,arenoso,5.85,20.13,28.0,118.8,8.1,primavera
zanahoria,arenoso,6.78,39.51,18.0,39.9,12.4,invierno
maiz,arenoso,6.21,3.95,27.0,47.62,13.7,invierno
naranjas,rocoso,6.67,47.55,33.0,284.78,13.5,otoño
soja,arcilloso,6.58,54.3,7.0,263.88,5.8,otoño
naranjas,arcilloso,6.37,22.77,1.0,272.11,11.0,primavera
zanahoria,arenoso,6.54,96.4,31.0,297.46,5.0,invierno
arroz,arcilloso,6.68,90.95,24.0,62.49,1.0,primavera
soja,arenoso,6.2,72.21,28.0,106.63,11.2,primavera
arroz,rocoso,6.13,53.34,34.0,200.77,0.2,invierno
zanahoria,rocoso,6.47,87.0,32.0,145.14,6.5,primavera
maiz,limoso,6.61,13.07,38.0,125.52,5.3,invierno
zanahoria,rocoso,6.56,79.05,21.0,107.34,11.1,invierno
maiz,arenoso,6.6,12.48,20.0,178.13,12.3,invierno
soja,rocoso,6.24,79.42,16.0,172.68,4.9,invierno
soja,limoso,6.62,27.58,6.0,48.44,13.0,verano
uva,arcilloso,5.92,87.71,23.0,141.52,4.7,invierno
naranjas,arenoso,6.34,94.4,11.0,166.04,7.1,otoño
uva,arcilloso,5.81,14.88,37.0,171.09,11.6,otoño
naranjas,limoso,6.12,46.27,23.0,63.03,11.1,otoño
uva,limoso,6.17,98.1,24.0,222.68,15.8,invierno
arroz,limoso,6.2,48.34,14.0,7.56,3.6,otoño
soja,arcilloso,6.5,86.35,2.0,106.45,10.6,verano
maiz,arcilloso,6.19,58.87,1.0,234.06,9.8,primavera
naranjas,arcilloso,6.25,37.53,17.0,169.17,14.6,invierno
zanahoria,arcilloso,6.04,28.58,3.0,78.35,2.5,otoño
naranjas,limoso,6.17,20.32,24.0,208.49,12.0,verano
maiz,limoso,6.03,76.18,35.0,170.22,9.1,primavera
uva,arenoso,5.87,38.65,35.0,238.87,4.4,verano
naranjas,arenoso,6.4,51.13,26.0,220.51,7.6,otoño
lentejas,arcilloso,6.47,49.23,8.0,183.03,5.3,verano
arroz,rocoso,6.42,57.73,35.0,146.45,9.3,primavera
soja,rocoso,6.26,86.56,35.0,39.95,14.2,otoño
maiz,limoso,6.18,98.07,8.0,78.4,9.1,primavera
soja,limoso,6.66,40.76,29.0,125.73,10.1,verano
lentejas,limoso,6.32,82.75,11.0,179.79,8.3,invierno
naranjas,arenoso,6.28,76.45,32.0,154.11,0.8,invierno
naranjas,arenoso,5.83,57.35,40.0,86.46,3.7,invierno
zanahoria,limoso,6.14,95.6,1.0,1.94,7.9,invierno
lentejas,limoso,6.18,20.05,36.0,148.87,5.0,primavera
maiz,limoso,6.2,10.93,25.0,85.69,2.9,invierno
zanahoria,rocoso,6.38,85.4,39.0,220.38,8.1,primavera
arroz,arenoso,6.33,43.91,19.0,7.18,5.2,otoño
zanahoria,rocoso,6.41,84.7,34.0,175.45,4.1,invierno
trigo,rocoso,6.56,89.31,2.0,282.44,7.4,primavera
maiz,limoso,6.61,6.25,13.0,52.32,2.1,invierno
trigo,limoso,6.52,88.35,3.0,141.49,14.8,invierno
lentejas,arcilloso,6.76,44.83,39.0,27.43,13.9,invierno
uva,arcilloso,5.82,51.04,33.0,187.7,11.3,primavera
trigo,rocoso,6.0,62.66,34.0,165.16,1.7,verano
arroz,arenoso,5.81,92.64,38.0,122.21,12.4,invierno
zanahoria,limoso,6.45,1.91,3.0,156.41,12.9,invierno
uva,limoso,6.7,47.68,15.0,268.97,12.3,otoño
zanahoria,rocoso,6.04,68.77,3.0,58.89,1.8,verano
trigo,arcilloso,6.73,72.27,8.0,6.77,10.3,primavera
zanahoria,arenoso,5.86,69.25,9.0,258.5,13.3,otoño
lentejas,arcilloso,6.73,13.44,19.0,173.14,9.2,invierno
uva,arcilloso,6.15,29.94,11.0,267.2,10.3,otoño
lentejas,arcilloso,5.9,35.87,4.0,179.08,7.3,otoño
trigo,arcilloso,6.29,80.44,7.0,243.05,8.5,invierno
lentejas,limoso,6.06,27.88,6.0,128.9,0.6,verano
arroz,limoso,6.08,21.07,39.0,224.96,10.2,verano
trigo,arcilloso,6.11,95.74,30.0,273.91,1.3,otoño
trigo,arenoso,6.6,0.89,39.0,171.64,7.0,invierno
trigo,rocoso,6.34,99.78,18.0,54.24,4.7,primavera
maiz,arenoso,6.11,67.68,11.0,80.64,8.7,otoño
zanahoria,arenoso,6.41,82.85,32.0,59.59,2.1,primavera
maiz,arenoso,6.52,29.46,13.0,74.06,11.1,otoño
maiz,arcilloso,6.07,1.43,12.0,91.92,12.7,otoño
arroz,limoso,6.21,73.79,9.0,166.54,2.6,invierno
uva,arenoso,5.92,83.41,5.0,176.4,1.7,invierno
zanahoria,arcilloso,5.98,74.05,10.0,127.95,2.3,primavera
lentejas,arenoso,6.48,14.29,14.0,184.63,14.0,primavera
naranjas,arenoso,5.98,75.34,27.0,24.47,8.5,verano
trigo,arcilloso,6.33,76.89,3.0,26.34,7.5,invierno
lentejas,limoso,6.51,65.85,8.0,51.55,1.7,otoño
trigo,limoso,5.91,76.61,32.0,155.42,10.4,otoño
arroz,rocoso,6.37,84.59,6.0,64.2,13.9,verano
trigo,arcilloso,6.06,61.36,14.0,84.99,13.3,invierno
maiz,rocoso,6.76,8.86,35.0,120.09,10.0,otoño
zanahoria,rocoso,6.28,48.76,6.0,243.56,1.2,verano
naranjas,rocoso,6.61,7.76,3.0,4.16,1.8,verano
soja,limoso,6.35,40.75,19.0,194.81,0.8,otoño
trigo,arcilloso,5.84,40.71,12.0,200.66,4.1,otoño
lentejas,rocoso,6.43,6.6,23.0,239.6,2.2,primavera
maiz,arcilloso,6.75,34.88,32.0,279.83,4.2,invierno
soja,arcilloso,6.4,11.1,5.0,6.04,6.2,primavera
naranjas,limoso,6.62,80.82,23.0,46.14,15.1,verano
soja,rocoso,6.68,94.77,20.0,265.85,9.8,otoño
maiz,rocoso,6.03,7.23,6.0,137.56,13.4,primavera
zanahoria,arcilloso,6.01,95.51,25.0,169.38,11.4,verano
zanahoria,arenoso,6.41,52.26,11.0,198.91,1.8,invierno
uva,limoso,6.21,29.96,20.0,203.72,11.8,otoño
zanahoria,limoso,6.64,7.69,3.0,279.52,4.4,primavera
uva,limoso,6.7,50.06,18.0,299.08,10.2,invierno
soja,limoso,6.15,79.45,12.0,216.05,5.5,primavera
arroz,rocoso,6.04,70.71,33.0,86.17,16.0,verano
lentejas,rocoso,6.58,5.02,2.0,263.93,4.2,invierno
lentejas,arenoso,6.07,7.29,17.0,14.77,4.5,primavera
soja,limoso,6.62,40.29,18.0,69.32,14.9,invierno
trigo,limoso,6.22,29.53,29.0,269.22,0.4,verano
trigo,arcilloso,6.47,23.24,23.0,76.86,11.1,invierno
zanahoria,rocoso,5.9,28.1,27.0,66.2,11.6,primavera
lentejas,limoso,6.42,80.35,31.0,41.44,13.4,verano
lentejas,arenoso,6.25,92.92,34.0,257.73,15.6,otoño
uva,arenoso,6.39,40.51,13.0,150.02,15.6,primavera
arroz,rocoso,5.97,90.61,22.0,202.47,1.0,primavera
maiz,arenoso,6.54,32.15,34.0,71.72,13.1,verano
trigo,arenoso,6.66,47.64,40.0,227.41,10.3,verano
lentejas,rocoso,6.02,22.6,36.0,228.0,10.4,otoño
uva,limoso,5.9,64.05,15.0,93.78,2.1,primavera
naranjas,limoso,5.82,97.9,8.0,123.2,10.4,verano
uva,arenoso,6.44,60.35,20.0,62.91,15.7,otoño
trigo,arenoso,6.41,35.78,30.0,292.97,14.6,otoño
trigo,limoso,6.35,64.78,20.0,193.68,7.0,verano
uva,rocoso,6.03,12.29,19.0,280.36,0.6,primavera
maiz,arenoso,6.19,88.87,34.0,91.02,5.8,invierno
soja,arcilloso,6.39,50.31,14.0,234.57,13.2,invierno
trigo,rocoso,6.3,44.93,34.0,229.76,11.2,otoño
uva,arenoso,6.79,58.59,16.0,207.5,7.3,invierno
lentejas,arenoso,5.94,62.48,13.0,289.69,0.9,invierno
uva,arcilloso,6.5,7.18,18.0,118.07,6.8,verano
arroz,arcilloso,6.2,68.26,30.0,39.22,7.5,otoño
soja,limoso,6.23,24.19,5.0,201.51,14.9,primavera
naranjas,rocoso,6.52,71.4,8.0,218.79,10.3,otoño
maiz,rocoso,6.49,82.25,38.0,172.52,5.0,verano
zanahoria,limoso,6.79,80.4,7.0,62.05,8.4,invierno
naranjas,rocoso,5.93,55.25,23.0,151.34,1.1,primavera
soja,rocoso,5.9,52.02,23.0,93.66,15.6,otoño
soja,rocoso,6.52,14.29,20.0,128.24,5.8,invierno
soja,rocoso,6.38,77.53,26.0,193.57,7.6,otoño
naranjas,rocoso,6.07,27.14,9.0,223.56,5.7,primavera
lentejas,arcilloso,5.88,49.67,22.0,69.67,10.9,otoño
soja,rocoso,5.89,28.43,15.0,121.6,10.6,otoño
uva,arcilloso,6.69,13.38,26.0,80.75,11.4,otoño
naranjas,rocoso,5.99,62.96,6.0,59.59,4.3,invierno
zanahoria,limoso,6.12,5.43,23.0,235.02,5.1,primavera
soja,arenoso,6.03,74.86,7.0,272.78,2.0,primavera
uva,arcilloso,6.15,31.76,11.0,111.07,10.5,invierno
lentejas,rocoso,5.87,0.01,9.0,225.38,0.6,invierno
arroz,limoso,6.32,51.11,7.0,269.1,9.6,invierno
lentejas,arenoso,5.87,4.69,33.0,253.84,13.9,verano
zanahoria,arcilloso,6.6,27.62,11.0,54.84,14.3,otoño
soja,arenoso,6.03,70.7,37.0,286.89,7.2,otoño
zanahoria,limoso,6.34,6.27,39.0,113.0,7.3,primavera
naranjas,arcilloso,6.68,83.93,23.0,101.77,1.2,otoño
trigo,arenoso,6.45,0.38,6.0,18.73,10.7,verano
soja,rocoso,6.33,24.68,15.0,145.85,13.1,invierno
trigo,arcilloso,6.12,74.09,32.0,32.7,3.9,primavera
uva,arenoso,6.13,31.63,15.0,74.56,6.7,primavera
arroz,limoso,6.47,10.19,3.0,95.08,13.4,otoño
maiz,limoso,6.79,36.02,22.0,242.65,14.0,primavera
zanahoria,arcilloso,6.46,27.04,34.0,262.65,3.9,invierno
lentejas,arenoso,6.36,84.27,32.0,90.74,8.8,primavera
arroz,arcilloso,6.53,31.33,7.0,257.61,3.1,invierno
soja,arcilloso,6.27,78.89,27.0,257.17,1.6,verano
trigo,arenoso,5.86,89.19,9.0,229.4,14.6,verano
lentejas,arenoso,6.36,43.38,9.0,44.01,13.1,invierno
trigo,rocoso,6.76,90.99,35.0,207.1,12.2,otoño
naranjas,arenoso,5.98,37.73,10.0,283.51,0.8,primavera
trigo,limoso,6.49,96.41,11.0,204.76,13.5,otoño
naranjas,arcilloso,6.0,8.93,0.0,99.49,7.0,primavera
uva,arcilloso,6.34,68.7,35.0,150.17,5.5,verano
lentejas,limoso,5.9,49.38,32.0,193.72,8.7,verano
lentejas,arenoso,6.25,38.76,25.0,153.17,1.5,verano
maiz,limoso,6.56,63.27,30.0,35.99,12.1,primavera
soja,limoso,6.15,70.39,6.0,93.62,9.3,verano
naranjas,rocoso,6.46,0.44,18.0,240.72,3.0,verano
maiz,limoso,6.6,16.7,14.0,258.43,3.0,verano
trigo,arcilloso,6.73,71.3,4.0,41.19,2.9,verano
trigo,limoso,6.03,66.64,19.0,285.72,0.9,otoño
maiz,arcilloso,6.2,96.6,37.0,98.65,9.4,verano
lentejas,arcilloso,5.95,76.1,2.0,198.69,13.4,verano
trigo,arcilloso,6.79,95.08,12.0,225.55,0.3,otoño
zanahoria,arenoso,6.73,70.25,8.0,243.58,0.8,otoño
uva,rocoso,6.34,29.81,10.0,283.72,9.2,primavera
uva,arcilloso,6.64,10.54,36.0,93.88,13.1,invierno
zanahoria,arcilloso,6.32,78.18,19.0,257.55,5.2,verano
maiz,arenoso,6.42,64.41,19.0,39.51,5.6,verano
zanahoria,arcilloso,5.89,4.82,30.0,211.51,9.5,verano
naranjas,limoso,6.56,36.01,6.0,222.59,4.4,primavera
naranjas,limoso,5.93,95.68,19.0,203.32,0.4,verano
maiz,rocoso,6.63,50.04,17.0,75.69,11.8,invierno
zanahoria,arcilloso,6.58,43.27,24.0,261.91,10.0,otoño
naranjas,arenoso,6.51,45.77,40.0,50.66,9.3,primavera
lentejas,limoso,5.84,20.89,31.0,16.09,11.9,otoño
zanahoria,arenoso,6.1,36.87,16.0,215.24,10.8,verano
lentejas,arenoso,6.06,36.98,33.0,142.64,3.3,verano
naranjas,limoso,6.16,5.24,7.0,254.73,5.6,verano
uva,arenoso,5.89,76.76,1.0,115.02,2.0,invierno
naranjas,limoso,6.74,41.65,8.0,50.48,2.1,invierno
lentejas,arenoso,6.35,82.22,14.0,250.93,10.8,primavera
arroz,limoso,6.11,85.03,20.0,164.67,13.7,otoño
soja,arcilloso,6.2,21.2,25.0,56.76,15.4,verano
trigo,rocoso,6.25,65.74,36.0,216.12,10.1,verano
zanahoria,limoso,6.4,47.23,20.0,153.33,2.9,verano
arroz,limoso,6.32,88.02,20.0,181.29,1.7,verano
naranjas,rocoso,6.72,21.57,2.0,138.27,13.0,invierno
uva,limoso,6.3,67.78,1.0,248.61,9.3,otoño
maiz,limoso,6.79,60.78,22.0,248.87,9.9,otoño
naranjas,arenoso,6.65,29.53,18.0,212.82,12.5,primavera
uva,rocoso,6.01,13.66,34.0,31.62,11.3,invierno
soja,arcilloso,6.73,65.16,6.0,251.66,13.4,verano
naranjas,limoso,5.92,73.86,1.0,201.3,0.9,otoño
lentejas,rocoso,6.62,31.56,18.0,209.11,12.0,otoño
maiz,arenoso,6.18,64.48,9.0,108.89,13.6,invierno
uva,arcilloso,6.68,39.51,2.0,263.78,4.6,primavera
uva,rocoso,6.67,71.32,29.0,217.61,10.2,primavera
uva,arcilloso,6.61,19.92,4.0,33.78,5.0,verano
soja,arcilloso,6.59,89.02,24.0,122.33,15.3,primavera
naranjas,arcilloso,6.1,28.74,11.0,265.91,0.5,otoño
soja,limoso,5.88,36.78,7.0,14.16,9.3,primavera
zanahoria,limoso,6.2,5.81,15.0,288.42,2.7,verano
trigo,arenoso,5.97,11.15,32.0,203.75,11.4,otoño
trigo,arenoso,6.49,51.59,16.0,189.41,2.8,primavera
zanahoria,rocoso,6.15,26.76,30.0,81.17,3.8,primavera
naranjas,arenoso,6.78,83.55,5.0,74.64,7.9,invierno
lentejas,arcilloso,6.44,1.47,31.0,282.62,14.6,verano
soja,arcilloso,6.62,37.91,9.0,89.48,3.4,primavera
maiz,limoso,5.93,33.73,27.0,232.65,2.3,invierno
uva,arcilloso,6.66,1.93,23.0,117.94,12.1,otoño
uva,rocoso,6.72,12.44,37.0,41.78,8.0,invierno
naranjas,arcilloso,6.29,41.36,15.0,3.21,14.6,invierno
lentejas,arcilloso,6.41,49.29,3.0,163.28,2.3,primavera
trigo,rocoso,6.56,40.43,1.0,292.73,10.3,primavera
trigo,arenoso,5.97,53.09,33.0,110.74,3.7,primavera
uva,arenoso,6.3,59.51,21.0,107.16,2.5,invierno
naranjas,rocoso,6.2,0.99,31.0,103.23,10.9,otoño
soja,limoso,5.95,46.41,9.0,156.16,9.5,verano
trigo,arcilloso,6.17,96.35,14.0,132.2,12.1,invierno
soja,rocoso,5.87,51.9,1.0,263.97,5.0,primavera
lentejas,arcilloso,5.83,67.75,38.0,151.66,7.2,verano
trigo,limoso,5.94,31.19,27.0,152.33,6.5,otoño
trigo,arcilloso,6.76,77.4,37.0,41.51,15.7,verano
arroz,rocoso,6.35,77.29,11.0,294.82,4.7,primavera
trigo,arcilloso,6.77,52.13,24.0,74.99,4.7,invierno
zanahoria,arenoso,6.23,97.6,27.0,22.01,5.7,invierno
maiz,limoso,6.11,12.56,13.0,198.94,9.0,primavera
zanahoria,limoso,6.31,1.69,34.0,178.61,4.0,invierno
naranjas,limoso,6.24,77.02,38.0,124.54,14.6,primavera
naranjas,rocoso,5.91,80.72,35.0,126.66,4.3,invierno
soja,limoso,6.44,12.02,30.0,235.52,14.3,invierno
zanahoria,arenoso,6.02,26.56,11.0,58.71,1.7,invierno
zanahoria,rocoso,6.42,1.76,11.0,246.08,10.5,otoño
zanahoria,arenoso,6.45,29.33,39.0,194.62,14.5,otoño
lentejas,arcilloso,5.95,77.31,0.0,125.69,2.7,primavera
trigo,arcilloso,5.86,51.8,29.0,137.41,15.5,otoño
maiz,arcilloso,6.58,34.81,28.0,76.99,7.2,primavera
soja,arcilloso,6.26,37.17,25.0,225.63,15.1,verano
zanahoria,arenoso,5.86,0.14,40.0,153.86,10.8,verano
zanahoria,rocoso,6.79,29.98,12.0,96.26,4.8,otoño
arroz,rocoso,5.86,64.65,14.0,178.82,3.0,verano
soja,limoso,6.5,97.42,3.0,298.72,4.9,verano
zanahoria,arenoso,6.78,84.71,18.0,130.58,1.5,invierno
soja,arcilloso,6.04,2.36,10.0,276.21,2.3,invierno
trigo,arenoso,5.94,89.86,14.0,103.51,1.7,primavera
arroz,limoso,5.92,78.32,33.0,16.42,6.8,verano
soja,limoso,6.1,78.04,37.0,61.27,12.7,primavera
maiz,arenoso,5.9,45.8,7.0,125.61,2.3,primavera
maiz,arenoso,6.49,39.8,15.0,65.89,2.1,verano
naranjas,arenoso,5.86,30.29,37.0,0.07,10.3,otoño
arroz,rocoso,6.31,6.57,2.0,274.5,3.2,verano
arroz,arcilloso,6.8,22.82,4.0,253.16,1.6,invierno
naranjas,arenoso,6.61,24.66,7.0,222.69,2.7,verano
soja,arenoso,6.42,48.41,24.0,50.34,14.8,otoño
arroz,arenoso,6.11,74.74,6.0,36.11,13.1,primavera
maiz,limoso,6.42,47.38,39.0,20.28,5.7,primavera
maiz,limoso,6.33,5.78,18.0,217.21,10.5,invierno
zanahoria,rocoso,6.23,95.78,20.0,278.64,8.6,invierno
trigo,arcilloso,5.93,94.27,10.0,129.16,10.8,invierno
arroz,rocoso,6.69,78.52,19.0,35.74,10.9,primavera
soja,arcilloso,6.25,99.13,26.0,153.72,10.1,invierno
naranjas,limoso,5.99,54.45,30.0,104.65,4.3,verano
naranjas,limoso,6.17,96.28,30.0,112.45,0.6,primavera
soja,limoso,6.21,7.56,23.0,186.4,7.3,otoño
lentejas,rocoso,6.63,36.57,36.0,215.62,14.3,primavera
uva,arenoso,6.53,22.54,33.0,33.18,9.1,verano
trigo,arenoso,6.57,19.58,30.0,10.68,13.3,verano
naranjas,limoso,5.81,14.08,2.0,298.3,15.9,invierno
arroz,arenoso,6.22,62.24,0.0,69.82,2.6,primavera
trigo,arenoso,6.28,78.13,8.0,16.15,11.1,primavera
arroz,rocoso,5.82,57.83,27.0,56.96,10.8,primavera
lentejas,arcilloso,6.06,14.7,16.0,11.69,15.7,otoño
maiz,limoso,6.56,81.11,16.0,117.54,15.8,invierno
trigo,limoso,5.94,63.6,35.0,240.72,11.0,verano
zanahoria,rocoso,6.34,38.82,36.0,102.37,3.9,verano
naranjas,rocoso,6.02,67.41,36.0,133.26,12.8,invierno
trigo,arenoso,5.81,25.99,13.0,202.68,1.7,verano
trigo,limoso,6.04,34.52,28.0,152.67,12.5,verano
trigo,arcilloso,6.78,91.75,11.0,258.43,14.6,invierno
uva,rocoso,6.6,29.05,8.0,259.81,6.1,verano
trigo,arcilloso,6.76,47.0,7.0,2.97,10.1,primavera
arroz,arcilloso,6.29,89.01,14.0,233.41,6.9,otoño
maiz,limoso,5.91,70.77,17.0,138.22,7.0,invierno
lentejas,limoso,6.35,6.22,33.0,296.65,5.0,otoño
soja,rocoso,6.25,14.73,5.0,144.97,12.2,verano
trigo,limoso,6.64,0.78,29.0,296.07,15.0,verano
naranjas,limoso,5.9,63.09,21.0,226.37,15.1,primavera
trigo,limoso,6.29,44.77,12.0,74.58,2.8,invierno
naranjas,arcilloso,5.95,13.43,20.0,161.52,14.0,verano
arroz,rocoso,6.12,95.79,12.0,297.64,11.8,invierno
naranjas,arenoso,6.54,52.97,24.0,257.26,4.0,invierno
zanahoria,arcilloso,6.28,24.19,17.0,29.21,1.1,invierno
soja,limoso,6.18,50.06,7.0,211.91,4.3,invierno
maiz,arcilloso,6.19,67.96,5.0,103.67,14.6,invierno
naranjas,limoso,6.26,7.62,22.0,2.09,10.1,otoño
naranjas,limoso,6.59,27.47,36.0,121.04,11.5,primavera
maiz,arcilloso,6.69,80.7,14.0,70.43,4.1,invierno
soja,rocoso,6.76,45.97,29.0,245.66,11.5,otoño
trigo,limoso,6.59,54.66,26.0,101.2,0.4,verano
naranjas,rocoso,6.12,43.28,37.0,248.26,6.0,invierno
maiz,arenoso,6.49,4.39,33.0,0.18,10.0,verano
zanahoria,limoso,6.24,16.57,23.0,92.35,2.3,invierno
zanahoria,rocoso,6.05,44.55,26.0,72.35,13.2,otoño
arroz,rocoso,6.64,20.92,36.0,70.07,3.8,otoño
maiz,arenoso,5.84,5.0,16.0,20.46,10.4,otoño
arroz,rocoso,6.7,84.36,13.0,56.14,6.5,primavera
zanahoria,rocoso,6.26,98.12,0.0,166.66,9.5,verano
soja,arenoso,6.44,79.31,33.0,87.41,1.7,primavera
trigo,limoso,6.46,85.38,32.0,125.22,0.3,invierno
maiz,rocoso,6.7,24.2,4.0,113.06,14.6,verano
lentejas,rocoso,6.44,96.06,23.0,262.77,4.3,otoño
zanahoria,rocoso,6.41,19.69,19.0,271.59,13.1,verano
zanahoria,arcilloso,5.87,95.14,5.0,147.89,16.0,otoño
lentejas,arenoso,6.32,99.48,39.0,99.05,3.4,primavera
uva,arcilloso,5.95,71.17,9.0,32.04,4.2,primavera
zanahoria,arenoso,6.54,98.11,3.0,286.02,10.6,otoño
naranjas,limoso,6.31,56.95,24.0,18.07,15.4,otoño
soja,limoso,6.48,25.95,30.0,89.3,14.7,invierno
maiz,rocoso,5.84,43.7,1.0,89.42,8.0,primavera
lentejas,arenoso,5.88,59.36,26.0,96.12,12.7,primavera
naranjas,limoso,6.52,7.31,21.0,49.29,2.2,invierno
lentejas,arenoso,5.87,62.23,4.0,234.95,15.6,primavera
maiz,limoso,5.87,98.12,7.0,36.75,15.4,otoño
arroz,arcilloso,5.81,19.01,23.0,190.47,2.6,verano
maiz,limoso,6.76,79.26,12.0,37.15,4.8,verano
uva,arcilloso,6.54,90.79,38.0,21.16,1.6,primavera
maiz,limoso,6.15,94.37,33.0,272.83,4.3,invierno
maiz,rocoso,6.1,96.01,39.0,57.04,13.1,otoño
uva,arcilloso,6.15,52.15,10.0,246.38,6.1,verano
soja,limoso,6.57,97.73,39.0,163.39,1.4,otoño
zanahoria,rocoso,6.46,75.73,17.0,23.36,5.5,primavera
maiz,arcilloso,5.99,16.17,14.0,286.63,15.7,primavera
uva,rocoso,5.97,47.69,2.0,74.09,10.1,verano
naranjas,arenoso,5.9,71.83,2.0,257.89,6.7,primavera
arroz,arenoso,6.46,24.73,28.0,50.64,2.7,invierno
arroz,arcilloso,6.56,64.06,18.0,256.18,15.8,primavera
maiz,limoso,6.07,66.66,9.0,3.97,13.1,primavera
soja,arcilloso,5.82,16.27,25.0,153.53,4.5,primavera
soja,rocoso,5.88,56.51,10.0,230.83,1.1,otoño
naranjas,limoso,6.77,77.16,23.0,280.44,0.9,otoño
maiz,arenoso,6.1,49.89,14.0,272.76,1.9,verano
arroz,limoso,6.57,1.21,33.0,245.89,9.3,verano
soja,arenoso,6.42,0.9,33.0,266.46,14.9,verano
maiz,limoso,6.18,35.7,19.0,59.77,7.9,primavera
lentejas,limoso,6.01,92.62,14.0,85.26,13.5,otoño
soja,limoso,5.92,22.87,15.0,86.69,7.1,invierno
uva,rocoso,6.42,63.44,32.0,113.12,11.3,primavera
lentejas,rocoso,6.57,22.21,13.0,118.0,11.7,primavera
zanahoria,arcilloso,6.44,32.17,8.0,163.37,2.8,primavera
soja,arcilloso,6.33,84.8,3.0,47.96,5.8,invierno
arroz,arenoso,5.84,72.89,19.0,207.37,10.2,verano
trigo,rocoso,6.77,9.54,19.0,50.27,1.1,invierno
lentejas,arenoso,6.6,42.87,34.0,93.09,5.8,verano
zanahoria,arcilloso,6.09,2.92,9.0,151.0,8.6,invierno
naranjas,arenoso,6.78,48.09,15.0,238.93,15.9,otoño
naranjas,arcilloso,6.4,66.24,32.0,221.84,7.6,primavera
arroz,rocoso,6.38,11.85,33.0,193.66,13.1,primavera
soja,limoso,6.55,28.89,15.0,46.73,6.9,primavera
maiz,rocoso,6.61,39.78,18.0,164.11,12.7,verano
soja,arenoso,6.46,91.95,12.0,26.23,9.5,invierno
arroz,arenoso,5.93,99.33,37.0,113.21,14.2,otoño
naranjas,rocoso,6.14,4.49,5.0,124.05,6.6,invierno
soja,rocoso,6.73,76.1,37.0,11.94,9.7,primavera
naranjas,arcilloso,6.02,37.17,27.0,82.2,10.1,otoño
lentejas,arenoso,6.17,39.25,21.0,286.69,6.7,otoño
zanahoria,arenoso,6.23,75.43,1.0,286.09,2.3,primavera
maiz,rocoso,6.24,91.84,19.0,105.7,1.5,invierno
lentejas,limoso,6.41,95.09,16.0,12.93,0.3,primavera
naranjas,arenoso,6.74,57.71,6.0,53.73,14.0,invierno
naranjas,limoso,6.04,35.71,26.0,117.67,3.8,otoño
trigo,rocoso,5.92,78.75,39.0,284.33,3.4,otoño
trigo,rocoso,6.0,25.1,22.0,42.36,11.8,primavera
lentejas,arcilloso,6.69,56.41,29.0,229.05,5.1,otoño
uva,arenoso,6.45,35.86,3.0,32.6,8.1,verano
lentejas,limoso,6.09,65.66,17.0,294.38,2.6,otoño
trigo,arcilloso,6.62,24.04,5.0,114.48,15.4,verano
naranjas,arenoso,6.66,19.16,25.0,232.57,13.6,otoño
arroz,arcilloso,6.65,91.82,38.0,102.78,13.8,primavera
lentejas,rocoso,6.72,10.18,26.0,188.3,6.5,primavera
naranjas,arenoso,6.05,50.6,3.0,57.6,12.2,verano
arroz,arcilloso,6.56,22.09,14.0,43.81,2.3,primavera
arroz,arcilloso,6.26,3.89,22.0,281.42,0.1,otoño
trigo,limoso,6.64,3.6,16.0,275.29,0.3,otoño
lentejas,arcilloso,6.53,17.52,33.0,266.24,9.4,primavera
soja,arenoso,6.58,86.68,33.0,187.63,7.3,otoño
maiz,arenoso,6.46,28.25,24.0,242.48,8.3,invierno
trigo,limoso,5.98,95.05,15.0,20.71,0.1,invierno
trigo,arenoso,6.35,58.16,10.0,100.44,6.8,otoño
soja,rocoso,6.78,43.66,4.0,94.11,11.5,primavera
maiz,arenoso,6.74,58.01,14.0,190.69,7.1,verano
naranjas,arenoso,5.84,51.67,17.0,106.79,11.7,primavera
uva,arcilloso,5.96,75.88,27.0,44.55,3.7,verano
lentejas,arcilloso,5.93,28.25,26.0,178.94,13.0,primavera
uva,arenoso,6.53,35.31,3.0,244.32,9.4,otoño
naranjas,limoso,6.62,89.41,16.0,114.64,3.4,invierno
zanahoria,arcilloso,6.01,94.65,7.0,39.68,3.8,primavera
trigo,limoso,6.31,89.26,6.0,59.01,10.0,verano
maiz,arenoso,6.64,41.94,33.0,71.24,13.3,invierno
trigo,arenoso,6.53,78.04,2.0,89.97,6.7,verano
arroz,rocoso,6.34,47.63,17.0,192.84,4.1,otoño
trigo,arcilloso,6.39,49.75,7.0,180.28,13.9,invierno
trigo,arenoso,6.31,20.47,35.0,208.82,10.7,verano
naranjas,rocoso,6.1,59.11,22.0,108.75,7.2,primavera
naranjas,arcilloso,6.37,18.61,9.0,247.2,7.8,otoño
naranjas,arenoso,6.49,33.16,20.0,61.23,3.3,otoño
uva,arenoso,6.67,85.5,29.0,140.71,10.0,otoño
arroz,arcilloso,6.44,20.71,38.0,240.28,5.7,primavera
zanahoria,arcilloso,6.56,7.12,9.0,54.05,15.9,primavera
zanahoria,arcilloso,5.96,6.9,35.0,32.96,7.7,invierno
naranjas,arenoso,6.26,94.08,37.0,265.11,7.8,primavera
maiz,arenoso,5.81,50.69,37.0,102.88,9.1,invierno
uva,rocoso,6.05,40.94,25.0,205.16,14.7,otoño
soja,limoso,6.53,81.09,25.0,7.6,12.8,invierno
maiz,arcilloso,6.79,83.58,16.0,207.01,7.2,verano
lentejas,arenoso,5.9,33.22,30.0,94.83,11.5,otoño
lentejas,arenoso,6.2,69.36,21.0,16.72,9.4,otoño
maiz,arcilloso,6.6,77.11,27.0,182.94,7.9,invierno
naranjas,limoso,6.0,65.47,17.0,72.24,3.1,otoño
soja,arcilloso,6.36,15.16,29.0,116.04,7.4,primavera
soja,limoso,6.53,87.59,33.0,24.17,3.9,verano
uva,arenoso,6.42,53.91,6.0,44.15,14.6,invierno
soja,limoso,5.99,28.25,33.0,89.39,5.4,invierno
lentejas,rocoso,6.16,42.52,22.0,26.93,15.2,otoño
arroz,arenoso,6.58,3.76,34.0,273.25,8.5,primavera
naranjas,rocoso,6.35,12.79,17.0,1.81,10.1,otoño
soja,arcilloso,5.81,76.55,15.0,145.16,8.7,otoño
uva,arcilloso,6.56,0.0,37.0,36.97,2.1,invierno
lentejas,arcilloso,5.84,41.66,10.0,92.3,6.0,otoño
arroz,limoso,6.55,52.25,34.0,277.82,1.6,verano
trigo,arenoso,6.0,5.46,19.0,48.51,10.0,otoño
trigo,arcilloso,6.76,97.31,21.0,289.75,7.1,otoño
arroz,arcilloso,6.17,22.61,12.0,61.74,12.4,invierno
lentejas,arenoso,6.13,30.42,23.0,222.47,3.5,otoño
uva,arcilloso,5.95,30.39,13.0,164.0,2.6,primavera
arroz,rocoso,6.11,23.04,2.0,265.34,6.5,invierno
naranjas,arenoso,6.68,0.15,11.0,166.2,14.8,otoño
naranjas,arenoso,6.8,72.93,0.0,160.37,11.4,verano
trigo,arenoso,6.17,96.68,39.0,58.64,6.7,verano
soja,rocoso,6.25,22.43,39.0,49.87,8.3,invierno
uva,arenoso,6.52,66.3,16.0,274.95,1.3,invierno
trigo,rocoso,6.69,74.19,29.0,98.35,15.8,otoño
soja,arenoso,6.39,84.84,14.0,111.62,10.7,primavera
soja,limoso,6.19,42.26,27.0,227.95,4.6,otoño
zanahoria,arcilloso,6.21,30.29,32.0,101.65,9.4,verano
naranjas,limoso,6.5,32.53,38.0,285.62,1.8,primavera
lentejas,arcilloso,5.8,71.26,16.0,221.38,15.5,primavera
maiz,rocoso,6.42,81.68,31.0,179.23,2.8,primavera
lentejas,limoso,6.16,18.16,11.0,264.27,10.4,otoño
maiz,arenoso,6.59,37.09,40.0,14.88,3.9,verano
arroz,arcilloso,5.89,90.19,1.0,77.12,11.5,invierno
naranjas,arcilloso,6.39,80.67,24.0,139.51,12.4,otoño
soja,limoso,6.28,98.49,26.0,68.09,10.8,invierno
uva,rocoso,6.44,75.42,28.0,223.17,9.8,primavera
maiz,limoso,5.86,39.32,5.0,275.76,14.3,primavera
lentejas,rocoso,6.38,59.06,38.0,127.13,1.3,otoño
soja,rocoso,6.36,66.1,7.0,102.64,5.3,verano
maiz,arcilloso,6.36,7.85,25.0,288.47,4.0,primavera
maiz,limoso,6.4,54.45,9.0,133.46,15.8,invierno
zanahoria,limoso,6.48,70.93,12.0,146.71,6.2,invierno
maiz,rocoso,6.6,16.73,22.0,105.49,11.7,otoño
uva,limoso,6.07,78.06,17.0,272.86,11.0,invierno
naranjas,arenoso,6.63,58.38,6.0,170.69,3.4,verano
uva,arenoso,6.3,95.22,7.0,228.65,3.8,primavera
trigo,limoso,5.88,4.24,17.0,243.54,4.5,invierno
soja,limoso,5.86,26.53,30.0,102.55,6.6,invierno
naranjas,rocoso,6.13,60.16,36.0,130.11,3.7,primavera
zanahoria,arenoso,6.58,29.66,3.0,254.54,0.3,otoño
naranjas,arenoso,6.51,71.44,16.0,108.98,14.1,invierno
naranjas,arcilloso,6.59,75.9,4.0,238.18,15.4,otoño
lentejas,rocoso,6.32,10.25,1.0,282.3,5.5,otoño
naranjas,arcilloso,6.24,51.39,26.0,186.96,5.4,invierno
zanahoria,arenoso,5.95,50.89,24.0,222.49,0.1,verano
uva,rocoso,6.13,36.93,7.0,241.53,10.9,otoño
naranjas,limoso,6.23,93.29,9.0,253.51,13.2,invierno
arroz,rocoso,5.89,82.75,1.0,118.52,2.3,otoño
soja,limoso,6.02,69.72,33.0,15.38,2.6,primavera
naranjas,limoso,6.4,71.43,39.0,120.56,12.6,verano
soja,rocoso,6.54,46.17,5.0,202.13,9.9,verano
arroz,limoso,6.8,92.1,9.0,135.11,0.7,primavera
arroz,arcilloso,6.73,69.46,35.0,224.69,10.0,primavera
soja,arenoso,6.44,72.9,37.0,107.09,4.9,otoño
maiz,limoso,6.22,86.17,17.0,190.42,5.9,primavera
trigo,arcilloso,6.44,27.41,2.0,55.93,12.3,verano
lentejas,limoso,6.59,80.71,2.0,224.81,13.0,primavera
maiz,arenoso,5.92,19.52,23.0,163.71,6.4,invierno
maiz,arcilloso,6.21,34.53,16.0,61.22,15.2,invierno
uva,arenoso,6.64,33.56,1.0,87.57,6.5,otoño
lentejas,arenoso,6.18,97.85,23.0,224.58,12.3,verano
lentejas,arcilloso,6.37,85.65,0.0,144.78,7.7,invierno
maiz,arcilloso,6.39,70.12,31.0,64.81,14.4,primavera
naranjas,arcilloso,5.98,72.71,12.0,290.18,14.5,invierno
uva,rocoso,6.16,56.21,2.0,214.54,1.4,invierno
uva,arcilloso,6.13,94.71,24.0,287.14,15.0,otoño
arroz,arcilloso,5.83,49.63,16.0,128.13,13.2,primavera
zanahoria,arcilloso,5.82,38.05,39.0,142.53,12.7,primavera
lentejas,arcilloso,6.63,16.3,22.0,269.39,3.2,primavera
maiz,limoso,6.07,78.62,11.0,157.51,12.9,otoño
arroz,rocoso,6.32,73.44,28.0,212.18,13.6,primavera
soja,arenoso,6.1,38.44,11.0,75.65,4.6,primavera
trigo,arcilloso,6.74,2.52,36.0,134.02,15.2,invierno
zanahoria,limoso,6.06,83.9,15.0,37.03,0.8,invierno
zanahoria,limoso,6.23,1.14,22.0,61.79,2.4,primavera
zanahoria,limoso,6.67,70.37,2.0,0.28,8.6,verano
uva,arenoso,6.64,97.03,17.0,11.78,9.2,verano
soja,arcilloso,5.99,43.77,33.0,293.19,10.3,primavera
zanahoria,rocoso,6.6,23.5,32.0,72.71,0.3,verano
soja,rocoso,6.26,70.49,9.0,198.99,15.4,otoño
naranjas,limoso,6.28,81.71,9.0,251.73,0.7,invierno
zanahoria,arenoso,5.93,54.64,33.0,165.2,2.3,otoño
trigo,arenoso,5.88,96.7,37.0,45.94,0.2,invierno
soja,arenoso,6.53,5.17,4.0,218.43,9.1,verano
soja,rocoso,6.3,50.48,18.0,180.08,14.9,verano
trigo,limoso,6.24,71.85,13.0,219.38,10.7,primavera
zanahoria,arcilloso,6.53,86.26,35.0,230.92,13.2,verano
trigo,rocoso,6.57,17.93,3.0,292.62,0.2,verano
soja,limoso,5.96,80.0,8.0,172.07,8.7,primavera
trigo,limoso,6.41,55.27,30.0,102.49,7.4,primavera
soja,arcilloso,5.94,39.66,2.0,194.54,8.0,invierno
soja,arcilloso,6.55,13.17,20.0,20.53,1.2,verano
naranjas,arcilloso,6.46,86.53,18.0,269.22,11.0,invierno
maiz,arenoso,6.76,15.73,13.0,35.81,8.1,invierno
soja,arcilloso,5.87,30.98,16.0,98.35,12.2,otoño
zanahoria,limoso,5.86,29.0,21.0,244.72,7.8,verano
arroz,arcilloso,6.08,87.14,6.0,179.19,2.4,verano
